Table 1. Sample Identification Table: Young male female 8h cohort..,,,,,Lung,Kidney,Liver
WPM-2,young,slurry,male,8 h,S1,S42,S83
WPM-3,young,dextrose,male,8 h,S2,S43,S84
WPM15-10,young,dextrose,male,8 h,S3,S44,S85
WPM15-12,young,slurry,male,8 h,S5,S46,S87
WP15-8,young,slurry,female,8 h,S6,S47,S88
WP15-9,young,slurry,female,8 h,S7,S48,S89
WPM5,young,dextrose,female,8 h,S33,S74,S115
WPM6,young,slurry,female,8 h,S34,S75,S116
WP15-7,young,dextrose,female,8 h,S35,S76,S117
WP15-13,young,slurry,female,8 h,S36,S77,NA
WP15-14,young,dextrose,female,8 h,S37,S78,NA
WP15-15,young,slurry,female,8 h,S38,S79,NA
WPM15-16,young,dextrose,male,8 h,S39,S80,NA
WPM15-17,young,slurry,male,8 h,S40,S81,NA
WP15-18,young,slurry,male,8 h,S41,S82,NA